task_id,num_samples,success_count,pass^1,avg_delta_reward,avg_evidence_bonus
baggage_update,12,8,0.6666666666666666,0.6666666666666666,-0.16666666666666666
cancel_reservation,12,8,0.6666666666666666,0.6666666666666666,-0.16666666666666666
flight_update,12,8,0.6666666666666666,0.6666666666666666,-0.16666666666666666
